query_idx,type,query_field,query,query_tokens,gold_text_count,gold_text_ids,pred_top10,top1_score,top1_minus_top5_score,error_bucket,recall@5,mrr@5,ndcg@5,recall@10,mrr@10,ndcg@10
0,hybrid,question,Как определить начальную фазу синусоидальной функции по её графику или формуле?,11,1,L03_p23,L05_p24|L31_p68|L07_p2|L36_p47|L03_p66|L40_p60|L03_p74|L04_p3|L22_p11|L32_p64,15.251371,4.59378,lexical_mismatch,0.0,0.0,0.0,0.0,0.0,0.0
9,image,question,Какие элементы соединены в этой схеме?,6,1,L33_p47,L28_p55|L01_p4|L39_p27|L39_p28|L39_p77|L13_p49|L14_p3|L10_p0|L23_p18|L11_p16,13.597765,7.422007,lexical_mismatch,0.0,0.0,0.0,0.0,0.0,0.0
15,image,question,Какие элементы связаны между собой в этой схеме?,8,1,L06_p37,L14_p12|L41_p34|L42_p26|L28_p55|L11_p8|L12_p45|L12_p54|L01_p4|L09_p2|L30_p3,14.940866,3.647074,lexical_mismatch,0.0,0.0,0.0,0.0,0.0,0.0
17,text,question,Какое значение имеет параметр k при расчете проводимости между двумя точками в электрической цепи?,14,1,L28_p43,L02_p50|L40_p31|L12_p5|L39_p80|L28_p51|L04_p25|L28_p49|L12_p45|L09_p48|L38_p70,15.799805,5.544596,lexical_mismatch,0.0,0.0,0.0,0.0,0.0,0.0
18,text,question,"Какую информацию можно получить о нелинейном резисторе, используя метод эквивалентного генератора?",11,1,L31_p0,L13_p10|L13_p11|L13_p14|L38_p21|L13_p5|L05_p98|L16_p42|L31_p46|L07_p40|L12_p6,11.938889,1.439711,lexical_mismatch,0.0,0.0,0.0,0.0,0.0,0.0
22,hybrid,question,"Какой из следующих вариантов является правильным для формулы, представленной на рисунке? Объясните свой выбор.",14,1,L24_p20,L04_p109|L28_p24|L39_p51|L28_p25|L31_p8|L31_p75|L31_p61|L05_p37|L27_p75|L09_p49,8.802171,0.842451,lexical_mismatch,0.0,0.0,0.0,0.0,0.0,0.0
26,image,question,Какие элементы соединены последовательно и какие параллельно в этой электрической схеме?,11,1,L04_p34,L28_p55|L14_p73|L01_p4|L12_p41|L33_p11|L39_p27|L09_p36|L08_p25|L09_p31|L30_p39,13.597765,5.569397,lexical_mismatch,0.0,0.0,0.0,0.0,0.0,0.0
34,image,question,Какие элементы соединены между собой в этой схеме?,8,1,L01_p36,L28_p55|L14_p12|L33_p11|L41_p34|L12_p54|L01_p4|L09_p2|L42_p26|L30_p3|L39_p27,13.597765,5.136656,lexical_mismatch,0.0,0.0,0.0,0.0,0.0,0.0
36,image,question,Какие элементы соединены между собой в этой схеме?,8,1,L19_p33,L28_p55|L14_p12|L33_p11|L41_p34|L12_p54|L01_p4|L09_p2|L42_p26|L30_p3|L39_p27,13.597765,5.136656,lexical_mismatch,0.0,0.0,0.0,0.0,0.0,0.0
37,text,question,Какие основные элементы электрической цепи?,5,1,L01_p0,L01_p5|L32_p69|L10_p0|L23_p18|L35_p1|L32_p67|L36_p52|L31_p50|L24_p6|L29_p18,14.140584,6.539518,lexical_mismatch,0.0,0.0,0.0,0.0,0.0,0.0
39,hybrid,question,"Какое комплексное сопротивление имеет ветвь, состоящая из последовательно соединенных резистора с сопротивлением R = 10 Ом и конденсатора с емкостью C = 1 мКФ, при частоте тока f = 50 Гц?",28,1,L04_p19,L07_p63|L04_p25|L23_p88|L09_p31|L01_p7|L17_p47|L14_p4|L35_p36|L07_p62|L04_p42,21.456789,4.910101,lexical_mismatch,0.0,0.0,0.0,0.0,0.0,0.0
47,image,question,Какие элементы соединены в этой схеме?,6,1,L41_p42,L28_p55|L01_p4|L39_p27|L39_p28|L39_p77|L13_p49|L14_p3|L10_p0|L23_p18|L11_p16,13.597765,7.422007,lexical_mismatch,0.0,0.0,0.0,0.0,0.0,0.0
48,text,question,"Как можно упростить расчеты в электротехнике, если известен ток в какой-то ветви цепи?",14,1,L12_p73,L10_p14|L28_p37|L12_p37|L12_p45|L13_p1|L05_p64|L02_p34|L05_p90|L10_p7|L18_p79,13.598086,2.266123,lexical_mismatch,0.0,0.0,0.0,0.0,0.0,0.0
50,image,question,Какие элементы соединены в этой схеме?,6,1,L04_p26,L28_p55|L01_p4|L39_p27|L39_p28|L39_p77|L13_p49|L14_p3|L10_p0|L23_p18|L11_p16,13.597765,7.422007,lexical_mismatch,0.0,0.0,0.0,0.0,0.0,0.0
51,image,question,Какие элементы соединены в этой электрической схеме?,7,1,L26_p51,L28_p55|L01_p4|L39_p27|L21_p32|L09_p17|L09_p2|L39_p28|L01_p2|L01_p35|L39_p77,13.597765,6.860962,lexical_mismatch,0.0,0.0,0.0,0.0,0.0,0.0
54,hybrid,question,"Какова роль матрицы Якоби в системе динамических уравнений и как она связана с другими матрицами, упомянутыми в тексте?",18,1,L29_p28,L02_p23|L02_p28|L41_p59|L39_p18|L39_p22|L26_p6|L06_p76|L06_p41|L02_p44|L38_p2,11.459602,3.477202,lexical_mismatch,0.0,0.0,0.0,0.0,0.0,0.0
55,text,question,"Как рассчитать ток в одной из фаз трехфазной цепи при соединении в треугольник, если известны комплексные линейные напряжения?",18,1,L17_p27,L18_p14|L23_p72|L16_p38|L13_p45|L23_p73|L16_p21|L39_p74|L16_p33|L23_p70|L16_p36,17.587344,1.51461,lexical_mismatch,0.0,0.0,0.0,0.0,0.0,0.0
57,image,question,Какие элементы связаны последовательно и какие параллельно?,7,1,L04_p35,L07_p28|L02_p21|L09_p36|L09_p31|L39_p27|L02_p65|L14_p73|L42_p26|L39_p70|L08_p25,8.171675,0.867465,lexical_mismatch,0.0,0.0,0.0,0.0,0.0,0.0
65,hybrid,question,"Какие характеристики имеют векторы системы прямой последовательности, если они образуют симметричную систему? Укажите все верные варианты:
A) Векторы имеют одинаковый модуль.
B) Векторы имеют одинаковый направление.
C) Векторы имеют одинаковый угол между ними.
D) Векторы имеют одинаковый порядок следования.
E) Векторы имеют одинаковый сдвиг относительно друг друга.",47,1,L19_p1,L23_p59|L31_p61|L31_p75|L04_p61|L16_p11|L23_p54|L10_p31|L20_p35|L04_p75|L05_p59,58.418621,23.940076,lexical_mismatch,0.0,0.0,0.0,0.0,0.0,0.0
68,hybrid,question,"Какие методы расчета используются для определения токов в ветвях сложной электрической цепи, и какие условия позволяют применять метод контурных токов вместо метода узловых потенциалов?",24,1,L05_p31,L12_p0|L05_p98|L05_p35|L06_p0|L05_p65|L06_p15|L05_p93|L06_p50|L25_p19|L10_p54,22.745539,2.729647,lexical_mismatch,0.0,0.0,0.0,0.0,0.0,0.0
76,text,question,"Какие цепи могут быть рассмотрены методом, описанного в тексте?",9,1,L38_p45,L38_p31|L27_p57|L11_p12|L24_p76|L13_p11|L14_p3|L17_p35|L18_p56|L10_p0|L18_p0,13.505356,4.772218,lexical_mismatch,0.0,0.0,0.0,0.0,0.0,0.0
77,image,question,Какие элементы соединены в этой схеме и как это влияет на работу электрической цепи?,14,1,L03_p23,L28_p55|L29_p18|L01_p4|L24_p24|L07_p49|L09_p2|L24_p6|L01_p2|L18_p14|L09_p17,13.597765,3.921861,lexical_mismatch,0.0,0.0,0.0,0.0,0.0,0.0
80,image,question,Какие элементы соединены между собой в этой схеме?,8,1,L06_p48,L28_p55|L14_p12|L33_p11|L41_p34|L12_p54|L01_p4|L09_p2|L42_p26|L30_p3|L39_p27,13.597765,5.136656,lexical_mismatch,0.0,0.0,0.0,0.0,0.0,0.0
81,image,question,Какие элементы образуют замкнутый контур на схеме?,7,1,L11_p19,L01_p4|L05_p55|L02_p13|L05_p44|L23_p49|L23_p11|L39_p27|L04_p61|L39_p28|L23_p56,7.855852,1.107776,lexical_mismatch,0.0,0.0,0.0,0.0,0.0,0.0
83,text,question,Какие из перечисленных устройств являются четырехполюсниками?,6,1,L14_p1,L30_p13|L32_p1|L16_p8|L39_p4|L16_p5|L38_p10|L12_p7|L01_p0|L38_p6|L33_p5,11.325665,6.145934,lexical_mismatch,0.0,0.0,0.0,0.0,0.0,0.0
88,text,question,Какой вид тока рассматривается в данном контексте?,7,1,L22_p52,L04_p109|L43_p57|L37_p56|L12_p45|L20_p35|L03_p92|L28_p37|L31_p61|L31_p75|L24_p68,7.86734,1.522074,lexical_mismatch,0.0,0.0,0.0,0.0,0.0,0.0
90,text,question,Какие матрицы используются для описания электрической цепи в контурном методе расчета?,11,1,L06_p23,L07_p46|L02_p28|L35_p33|L01_p47|L24_p29|L31_p50|L02_p22|L11_p0|L24_p6|L29_p18,9.960555,2.005606,lexical_mismatch,0.0,0.0,0.0,0.0,0.0,0.0
92,hybrid,question,"Какое комплексное сопротивление катушки индуктивности будет иметь при частоте 50 Гц, если ее индуктивность равна 0.1 Гн? Используйте формулу для расчета реактивного индуктивного сопротивления.",25,1,L04_p35,L10_p2|L01_p60|L27_p18|L26_p78|L07_p24|L43_p6|L37_p26|L04_p111|L04_p112|L19_p52,16.772347,2.889501,lexical_mismatch,0.0,0.0,0.0,0.0,0.0,0.0
93,hybrid,question,"На рисунке 5, а представлена формула для тока i1 = 2,82sin(ωt - π/6)A. Какой тип гармонического колебания описывает эта формула? И какую фазовую разницу между начальной фазой и осью времени показывает выражение?",33,1,L03_p96,L03_p23|L06_p6|L21_p27|L31_p67|L21_p14|L22_p63|L02_p13|L09_p12|L29_p4|L16_p43,25.166561,11.080183,lexical_mismatch,0.0,0.0,0.0,0.0,0.0,0.0
95,hybrid,question,"Как изменится значение функции f(t) в момент времени t = 0, если известно, что f(0) = 5 и функция является непрерывной в точке t = 0?",25,1,L27_p13,L03_p23|L28_p30|L29_p4|L26_p35|L24_p83|L25_p88|L01_p61|L22_p23|L29_p1|L03_p58,37.156532,11.767609,lexical_mismatch,0.0,0.0,0.0,0.0,0.0,0.0
96,image,question,Какие элементы соединены в этой схеме и какое это соединение?,10,1,L18_p12,L28_p55|L16_p20|L16_p32|L29_p45|L04_p73|L04_p89|L04_p65|L04_p53|L01_p4|L39_p27,13.597765,5.145855,lexical_mismatch,0.0,0.0,0.0,0.0,0.0,0.0
97,text,question,Какой метод используется для анализа нелинейных электрических цепей?,8,1,L34_p31,L31_p29|L30_p23|L39_p71|L33_p54|L39_p6|L31_p46|L02_p77|L32_p98|L09_p30|L39_p17,15.665281,4.49286,lexical_mismatch,0.0,0.0,0.0,0.0,0.0,0.0
104,image,question,Какие элементы связаны между собой в этой схеме?,8,1,L06_p32,L14_p12|L41_p34|L42_p26|L28_p55|L11_p8|L12_p45|L12_p54|L01_p4|L09_p2|L30_p3,14.940866,3.647074,lexical_mismatch,0.0,0.0,0.0,0.0,0.0,0.0
105,text,question,Какой метод используется для линеаризации характеристики нелинейного резистора?,8,1,L31_p35,L38_p11|L38_p14|L36_p9|L30_p20|L31_p7|L38_p21|L31_p29|L30_p12|L38_p15|L36_p59,14.406665,2.941969,lexical_mismatch,0.0,0.0,0.0,0.0,0.0,0.0
106,text,question,Каковы направления фазных напряжений генератора?,5,1,L16_p26,L23_p86|L20_p65|L23_p72|L19_p30|L17_p54|L09_p17|L17_p39|L16_p30|L19_p37|L23_p62,13.564276,4.256843,lexical_mismatch,0.0,0.0,0.0,0.0,0.0,0.0
109,text,question,"Какую матрицу используют для описания электрической цепи, когда рассматривают только главные контуры?",12,1,L02_p46,L02_p23|L12_p2|L01_p0|L07_p40|L01_p47|L11_p28|L02_p37|L02_p56|L06_p32|L11_p31,8.721777,0.869385,lexical_mismatch,0.0,0.0,0.0,0.0,0.0,0.0
110,text,question,Какой тип переменной используется в контексте электротехники?,7,1,L15_p26,L34_p10|L39_p53|L34_p15|L22_p20|L07_p27|L28_p48|L03_p92|L38_p10|L27_p76|L03_p93,10.955062,4.497095,lexical_mismatch,0.0,0.0,0.0,0.0,0.0,0.0
112,image,question,Какие элементы соединены в этой схеме?,6,1,L16_p31,L28_p55|L01_p4|L39_p27|L39_p28|L39_p77|L13_p49|L14_p3|L10_p0|L23_p18|L11_p16,13.597765,7.422007,lexical_mismatch,0.0,0.0,0.0,0.0,0.0,0.0
113,image,question,Какие элементы соединены в этой схеме и как это влияет на работу системы?,13,1,L10_p48,L28_p55|L25_p21|L24_p24|L03_p52|L16_p18|L01_p4|L11_p1|L39_p27|L18_p14|L14_p83,13.597765,4.746066,lexical_mismatch,0.0,0.0,0.0,0.0,0.0,0.0
115,hybrid,question,"Какова последовательность действий для расчета магнитного потока в магнитопроводе, используя метод, описанный в тексте?",14,1,L33_p62,L32_p72|L31_p65|L31_p48|L32_p96|L29_p11|L28_p2|L05_p98|L38_p21|L33_p17|L37_p17,14.368455,2.093472,lexical_mismatch,0.0,0.0,0.0,0.0,0.0,0.0
117,image,question,Какие элементы связаны между собой в этой схеме?,8,1,L18_p50,L14_p12|L41_p34|L42_p26|L28_p55|L11_p8|L12_p45|L12_p54|L01_p4|L09_p2|L30_p3,14.940866,3.647074,lexical_mismatch,0.0,0.0,0.0,0.0,0.0,0.0
121,hybrid,question,"Какова роль матрицы Якоби в системе динамических уравнений и как она связана с другими матрицами, упомянутыми в тексте?",18,1,L29_p28,L02_p23|L02_p28|L41_p59|L39_p18|L39_p22|L26_p6|L06_p76|L06_p41|L02_p44|L38_p2,11.459602,3.477202,lexical_mismatch,0.0,0.0,0.0,0.0,0.0,0.0
126,text,question,Какая система используется для передачи электроэнергии при несимметричном режиме?,9,1,L18_p73,L16_p6|L34_p15|L28_p48|L25_p74|L14_p77|L18_p31|L01_p3|L14_p81|L40_p53|L20_p54,17.09126,9.922322,lexical_mismatch,0.0,0.0,0.0,0.0,0.0,0.0
131,image,question,Какие элементы связаны между собой в этой схеме?,8,1,L18_p14,L14_p12|L41_p34|L42_p26|L28_p55|L11_p8|L12_p45|L12_p54|L01_p4|L09_p2|L30_p3,14.940866,3.647074,lexical_mismatch,0.0,0.0,0.0,0.0,0.0,0.0
132,image,question,Какие элементы соединены между собой в этой схеме?,8,1,L20_p58,L28_p55|L14_p12|L33_p11|L41_p34|L12_p54|L01_p4|L09_p2|L42_p26|L30_p3|L39_p27,13.597765,5.136656,lexical_mismatch,0.0,0.0,0.0,0.0,0.0,0.0
133,hybrid,question,"Какое комплексное сопротивление имеет катушка индуктивности с индуктивностью L = 0,03 Гн при частоте тока f = 50 Гц?",18,1,L04_p19,L26_p78|L01_p60|L33_p75|L37_p26|L23_p35|L01_p19|L19_p52|L07_p12|L01_p18|L04_p112,21.993323,8.652355,lexical_mismatch,0.0,0.0,0.0,0.0,0.0,0.0
135,image,question,Какие элементы соединены в данной схеме?,6,1,L07_p24,L01_p4|L28_p55|L39_p27|L13_p22|L33_p60|L39_p28|L29_p32|L31_p12|L14_p3|L04_p95,8.390434,1.958809,lexical_mismatch,0.0,0.0,0.0,0.0,0.0,0.0
138,image,question,Какие элементы соединены в данной схеме?,6,1,L20_p17,L01_p4|L28_p55|L39_p27|L13_p22|L33_p60|L39_p28|L29_p32|L31_p12|L14_p3|L04_p95,8.390434,1.958809,lexical_mismatch,0.0,0.0,0.0,0.0,0.0,0.0
145,text,question,"Какое условие должно выполняться для идеального фильтра, чтобы он не имел потерь?",12,1,L15_p18,L31_p56|L41_p8|L09_p29|L02_p63|L02_p43|L15_p42|L33_p62|L15_p23|L31_p55|L01_p56,14.863163,5.789851,lexical_mismatch,0.0,0.0,0.0,0.0,0.0,0.0
147,image,question,Какие элементы соединены между собой в этой схеме?,8,1,L30_p61,L28_p55|L14_p12|L33_p11|L41_p34|L12_p54|L01_p4|L09_p2|L42_p26|L30_p3|L39_p27,13.597765,5.136656,lexical_mismatch,0.0,0.0,0.0,0.0,0.0,0.0
149,text,question,Какие уравнения описывают стоячие волны в электротехнике?,7,1,L41_p64,L41_p58|L41_p72|L41_p59|L41_p71|L16_p1|L07_p27|L43_p16|L40_p50|L24_p25|L21_p48,16.255142,8.281249,lexical_mismatch,0.0,0.0,0.0,0.0,0.0,0.0
150,text,question,Каковы источники резонансной частоты в электрических цепях?,7,1,L08_p43,L12_p44|L07_p1|L08_p18|L08_p38|L15_p31|L12_p16|L18_p19|L09_p28|L18_p55|L23_p41,12.871547,5.468523,lexical_mismatch,0.0,0.0,0.0,0.0,0.0,0.0
154,hybrid,question,"Какое комплексное сопротивление имеет ветвь, состоящая из последовательно соединенных резистора с сопротивлением R = 10 Ом и конденсатора с емкостью C = 1 мКФ, при частоте тока f = 50 Гц?",28,1,L04_p19,L07_p63|L04_p25|L23_p88|L09_p31|L01_p7|L17_p47|L14_p4|L35_p36|L07_p62|L04_p42,21.456789,4.910101,lexical_mismatch,0.0,0.0,0.0,0.0,0.0,0.0
155,image,question,Какие элементы соединены между собой на этой схеме?,8,1,L32_p62,L28_p55|L33_p11|L09_p2|L12_p54|L14_p12|L42_p26|L30_p3|L01_p4|L41_p34|L09_p12,12.701981,4.196895,lexical_mismatch,0.0,0.0,0.0,0.0,0.0,0.0
156,image,question,Какие элементы соединены между собой в этой схеме?,8,1,L38_p22,L28_p55|L14_p12|L33_p11|L41_p34|L12_p54|L01_p4|L09_p2|L42_p26|L30_p3|L39_p27,13.597765,5.136656,lexical_mismatch,0.0,0.0,0.0,0.0,0.0,0.0
159,image,question,Какие элементы соединены между собой в этой схеме?,8,1,L34_p39,L28_p55|L14_p12|L33_p11|L41_p34|L12_p54|L01_p4|L09_p2|L42_p26|L30_p3|L39_p27,13.597765,5.136656,lexical_mismatch,0.0,0.0,0.0,0.0,0.0,0.0
160,image,question,Какие элементы связаны между собой в этой схеме?,8,1,L41_p2,L14_p12|L41_p34|L42_p26|L28_p55|L11_p8|L12_p45|L12_p54|L01_p4|L09_p2|L30_p3,14.940866,3.647074,lexical_mismatch,0.0,0.0,0.0,0.0,0.0,0.0
161,text,question,Какое сопротивление включается в схему замещения для нулевой последовательности?,9,1,L19_p56,L19_p52|L37_p45|L20_p25|L19_p50|L19_p30|L19_p23|L19_p24|L39_p76|L19_p9|L20_p61,18.81587,6.648875,lexical_mismatch,0.0,0.0,0.0,0.0,0.0,0.0
162,image,question,Какие элементы соединены в этой схеме?,6,1,L34_p52,L28_p55|L01_p4|L39_p27|L39_p28|L39_p77|L13_p49|L14_p3|L10_p0|L23_p18|L11_p16,13.597765,7.422007,lexical_mismatch,0.0,0.0,0.0,0.0,0.0,0.0
163,image,question,Какие элементы связаны в этой схеме?,6,1,L18_p43,L28_p55|L01_p4|L07_p28|L39_p27|L02_p21|L14_p12|L39_p28|L41_p34|L39_p77|L02_p65,13.597765,6.646046,lexical_mismatch,0.0,0.0,0.0,0.0,0.0,0.0
164,image,question,Какие элементы соединены в этой схеме?,6,1,L15_p29,L28_p55|L01_p4|L39_p27|L39_p28|L39_p77|L13_p49|L14_p3|L10_p0|L23_p18|L11_p16,13.597765,7.422007,lexical_mismatch,0.0,0.0,0.0,0.0,0.0,0.0
165,image,question,Какие элементы соединены между собой на этой электрической схеме?,9,1,L09_p20,L28_p55|L09_p2|L33_p11|L02_p50|L12_p45|L12_p54|L14_p12|L42_p26|L30_p3|L01_p4,12.701981,3.410998,lexical_mismatch,0.0,0.0,0.0,0.0,0.0,0.0
168,image,question,Какие элементы соединены между собой на этой схеме?,8,1,L03_p11,L28_p55|L33_p11|L09_p2|L12_p54|L14_p12|L42_p26|L30_p3|L01_p4|L41_p34|L09_p12,12.701981,4.196895,lexical_mismatch,0.0,0.0,0.0,0.0,0.0,0.0
170,text,question,Какие два типа феррорезонанса упоминаются в данном тексте?,8,1,L35_p11,L18_p83|L33_p15|L33_p45|L25_p30|L26_p16|L27_p85|L25_p55|L33_p5|L16_p1|L29_p21,7.789224,0.586197,lexical_mismatch,0.0,0.0,0.0,0.0,0.0,0.0
172,hybrid,question,"Какое значение реактивного емкостного сопротивления конденсатора при частоте 100 Гц, если его емкость равна 10 мкФ?",16,1,L04_p25,L04_p42|L07_p24|L18_p20|L01_p61|L18_p22|L23_p88|L23_p1|L13_p24|L03_p3|L08_p46,13.212993,3.862672,lexical_mismatch,0.0,0.0,0.0,0.0,0.0,0.0
179,image,question,Какие элементы соединены между собой в этой схеме?,8,1,L02_p41,L28_p55|L14_p12|L33_p11|L41_p34|L12_p54|L01_p4|L09_p2|L42_p26|L30_p3|L39_p27,13.597765,5.136656,lexical_mismatch,0.0,0.0,0.0,0.0,0.0,0.0
181,hybrid,question,"Как изменится значение тока u_C(0) в случае, если в цепи на рис. 3 будет включена дополнительная индуктивность L2, и как это отразится на изображении тока?",27,1,L27_p50,L38_p18|L08_p19|L04_p18|L35_p20|L25_p61|L18_p14|L34_p35|L08_p18|L10_p19|L38_p39,17.405494,1.751509,lexical_mismatch,0.0,0.0,0.0,0.0,0.0,0.0
184,image,question,Какие элементы соединены между собой на этой схеме?,8,1,L05_p31,L28_p55|L33_p11|L09_p2|L12_p54|L14_p12|L42_p26|L30_p3|L01_p4|L41_p34|L09_p12,12.701981,4.196895,lexical_mismatch,0.0,0.0,0.0,0.0,0.0,0.0
189,image,question,Какие элементы соединены между собой на этой схеме?,8,1,L15_p49,L28_p55|L33_p11|L09_p2|L12_p54|L14_p12|L42_p26|L30_p3|L01_p4|L41_p34|L09_p12,12.701981,4.196895,lexical_mismatch,0.0,0.0,0.0,0.0,0.0,0.0
190,hybrid,question,Какие характеристики имеют векторы в симметричной системе прямой последовательности? Имеют ли они одинаковые модули и сдвиги друг относительно друга?,19,1,L19_p1,L23_p59|L19_p4|L16_p11|L19_p54|L23_p49|L31_p75|L31_p61|L19_p37|L10_p0|L20_p35,26.648385,12.897295,lexical_mismatch,0.0,0.0,0.0,0.0,0.0,0.0
192,text,question,Какую задачу предстоит решить при выполнении задания по электротехнике?,9,1,L39_p76,L12_p9|L07_p40|L05_p51|L16_p1|L07_p27|L10_p33|L01_p54|L32_p65|L41_p57|L34_p15,8.290365,1.637849,lexical_mismatch,0.0,0.0,0.0,0.0,0.0,0.0
194,image,question,Какие элементы соединены в этой схеме?,6,1,L28_p36,L28_p55|L01_p4|L39_p27|L39_p28|L39_p77|L13_p49|L14_p3|L10_p0|L23_p18|L11_p16,13.597765,7.422007,lexical_mismatch,0.0,0.0,0.0,0.0,0.0,0.0
205,image,question,Какие элементы соединены в этой схеме?,6,1,L01_p53,L28_p55|L01_p4|L39_p27|L39_p28|L39_p77|L13_p49|L14_p3|L10_p0|L23_p18|L11_p16,13.597765,7.422007,lexical_mismatch,0.0,0.0,0.0,0.0,0.0,0.0
206,image,question,Какие элементы соединены между собой на этой схеме?,8,1,L42_p8,L28_p55|L33_p11|L09_p2|L12_p54|L14_p12|L42_p26|L30_p3|L01_p4|L41_p34|L09_p12,12.701981,4.196895,lexical_mismatch,0.0,0.0,0.0,0.0,0.0,0.0
209,text,question,Какие значения и максимальная мощность были найдены в задаче?,9,1,L13_p43,L32_p59|L13_p42|L01_p55|L17_p35|L13_p30|L18_p19|L42_p17|L07_p30|L07_p26|L22_p42,9.907537,1.507365,lexical_mismatch,0.0,0.0,0.0,0.0,0.0,0.0
211,text,question,Какая характеристика трехфазной симметричной цепи позволяет ей быть симметричной?,9,1,L18_p48,L19_p36|L18_p30|L18_p54|L18_p40|L20_p46|L16_p34|L34_p52|L30_p5|L19_p4|L41_p38,21.823093,6.966935,lexical_mismatch,0.0,0.0,0.0,0.0,0.0,0.0
212,text,question,Почему в учебниках часто не используют аналитическое выражение характеристик нелинейных элементов?,11,1,L39_p1,L38_p5|L34_p7|L34_p9|L32_p85|L32_p71|L38_p53|L36_p17|L13_p10|L36_p61|L35_p33,23.696346,9.766998,lexical_mismatch,0.0,0.0,0.0,0.0,0.0,0.0
213,image,question,Какие элементы связаны между собой в этой схеме?,8,1,L06_p37,L14_p12|L41_p34|L42_p26|L28_p55|L11_p8|L12_p45|L12_p54|L01_p4|L09_p2|L30_p3,14.940866,3.647074,lexical_mismatch,0.0,0.0,0.0,0.0,0.0,0.0
218,hybrid,question,"Какое комплексное сопротивление имеет ветвь, состоящая из последовательно соединенных резистора с сопротивлением 10 Ом и конденсатора с емкостью 0.01 Ф, при частоте тока 50 Гц?",26,1,L04_p19,L04_p25|L03_p4|L35_p36|L23_p88|L07_p63|L04_p42|L09_p31|L37_p26|L07_p42|L36_p60,18.398805,3.163056,lexical_mismatch,0.0,0.0,0.0,0.0,0.0,0.0
221,text,question,"Какое утверждение верно для контура, где есть только источники ЭДС и пассивные элементы?",13,1,L27_p45,L01_p5|L23_p18|L39_p27|L29_p45|L14_p2|L11_p39|L29_p43|L09_p24|L02_p61|L26_p26,14.424,3.793299,lexical_mismatch,0.0,0.0,0.0,0.0,0.0,0.0
224,hybrid,question,Каково значение константы A в выражении A = 1/2 * (e^γ + e^-γ) и как это выражение связано с константой ch γ?,19,1,L14_p101,L09_p12|L22_p63|L02_p66|L21_p27|L13_p9|L36_p40|L21_p14|L17_p35|L22_p12|L13_p15,24.89532,10.483609,lexical_mismatch,0.0,0.0,0.0,0.0,0.0,0.0
233,image,question,Какие элементы соединены в этой схеме?,6,1,L04_p35,L28_p55|L01_p4|L39_p27|L39_p28|L39_p77|L13_p49|L14_p3|L10_p0|L23_p18|L11_p16,13.597765,7.422007,lexical_mismatch,0.0,0.0,0.0,0.0,0.0,0.0
236,text,question,Как записывается закон Ома для тока через резистор?,8,1,L13_p35,L02_p54|L32_p93|L32_p115|L32_p114|L31_p33|L40_p43|L27_p29|L23_p21|L42_p26|L32_p75,16.023353,2.293462,lexical_mismatch,0.0,0.0,0.0,0.0,0.0,0.0
237,image,question,Какие элементы соединены в этой электрической схеме?,7,1,L04_p8,L28_p55|L01_p4|L39_p27|L21_p32|L09_p17|L09_p2|L39_p28|L01_p2|L01_p35|L39_p77,13.597765,6.860962,lexical_mismatch,0.0,0.0,0.0,0.0,0.0,0.0
238,image,question,Какие элементы соединены между собой в этой схеме?,8,1,L04_p34,L28_p55|L14_p12|L33_p11|L41_p34|L12_p54|L01_p4|L09_p2|L42_p26|L30_p3|L39_p27,13.597765,5.136656,lexical_mismatch,0.0,0.0,0.0,0.0,0.0,0.0
239,hybrid,question,"Какое изображение на рисунке 5 соответствует случаю, когда угол фазового сдвига между напряжением и током равен нулю (φ = 0), и как это влияет на векторную диаграмму?",25,1,L08_p30,L18_p37|L07_p29|L23_p37|L09_p3|L07_p2|L40_p54|L03_p26|L04_p51|L03_p24|L03_p52,32.272299,16.34484,lexical_mismatch,0.0,0.0,0.0,0.0,0.0,0.0
241,image,question,Какие элементы соединены между собой на этой схеме?,8,1,L18_p14,L28_p55|L33_p11|L09_p2|L12_p54|L14_p12|L42_p26|L30_p3|L01_p4|L41_p34|L09_p12,12.701981,4.196895,lexical_mismatch,0.0,0.0,0.0,0.0,0.0,0.0
245,image,question,Какие элементы соединены в этой схеме?,6,1,L07_p22,L28_p55|L01_p4|L39_p27|L39_p28|L39_p77|L13_p49|L14_p3|L10_p0|L23_p18|L11_p16,13.597765,7.422007,lexical_mismatch,0.0,0.0,0.0,0.0,0.0,0.0
249,text,question,Какая методика используется для аппроксимации характеристик нелинейных элементов в электрических цепях?,11,1,L31_p19,L34_p7|L34_p9|L38_p2|L38_p5|L35_p33|L07_p1|L12_p44|L36_p17|L34_p29|L38_p0,21.265541,8.05838,lexical_mismatch,0.0,0.0,0.0,0.0,0.0,0.0
255,image,question,Какие элементы соединены в этой схеме?,6,1,L37_p15,L28_p55|L01_p4|L39_p27|L39_p28|L39_p77|L13_p49|L14_p3|L10_p0|L23_p18|L11_p16,13.597765,7.422007,lexical_mismatch,0.0,0.0,0.0,0.0,0.0,0.0
256,image,question,Какие элементы связаны между собой в этой схеме?,8,1,L06_p42,L14_p12|L41_p34|L42_p26|L28_p55|L11_p8|L12_p45|L12_p54|L01_p4|L09_p2|L30_p3,14.940866,3.647074,lexical_mismatch,0.0,0.0,0.0,0.0,0.0,0.0
259,hybrid,question,"Как рассчитать комплексное сопротивление последовательно соединенной ветви резистора и катушки индуктивности, если известны их активное сопротивление R и индуктивное сопротивление X_L, а также частота тока ω?",26,1,L04_p35,L04_p112|L04_p111|L37_p31|L37_p26|L27_p18|L07_p9|L19_p52|L40_p51|L23_p88|L10_p11,34.135063,8.639132,lexical_mismatch,0.0,0.0,0.0,0.0,0.0,0.0
260,hybrid,question,"Как изменится значение тока I(p) в цепи, если увеличить сопротивление R или уменьшить индуктивность L? Объясните, как это влияет на формулу I(p) = U_0(p)/Z(p) = U_0/(p(R + pL)) = U_0/R(l - l/(p + R/L)).",42,1,L27_p70,L26_p14|L25_p27|L24_p14|L26_p78|L01_p60|L25_p1|L26_p65|L23_p88|L03_p7|L01_p16,47.853083,6.251238,lexical_mismatch,0.0,0.0,0.0,0.0,0.0,0.0
262,image,question,Какие элементы соединены в этой схеме?,6,1,L32_p37,L28_p55|L01_p4|L39_p27|L39_p28|L39_p77|L13_p49|L14_p3|L10_p0|L23_p18|L11_p16,13.597765,7.422007,lexical_mismatch,0.0,0.0,0.0,0.0,0.0,0.0
264,image,question,Какие элементы соединены между собой на этой схеме?,8,1,L28_p43,L28_p55|L33_p11|L09_p2|L12_p54|L14_p12|L42_p26|L30_p3|L01_p4|L41_p34|L09_p12,12.701981,4.196895,lexical_mismatch,0.0,0.0,0.0,0.0,0.0,0.0
266,image,question,Какие элементы связаны в этой схеме?,6,1,L03_p95,L28_p55|L01_p4|L07_p28|L39_p27|L02_p21|L14_p12|L39_p28|L41_p34|L39_p77|L02_p65,13.597765,6.646046,lexical_mismatch,0.0,0.0,0.0,0.0,0.0,0.0
267,text,question,"Какие переменные состояния следует выбрать для анализа электрической цепи, чтобы упростить расчеты, и почему?",14,1,L29_p25,L29_p18|L36_p53|L31_p29|L39_p33|L41_p8|L38_p20|L14_p73|L36_p64|L38_p54|L04_p110,12.199786,3.6105,lexical_mismatch,0.0,0.0,0.0,0.0,0.0,0.0
270,hybrid,question,"Какой будет значение сопротивления R1, если известно, что X_{C1} = 100 Ом и схема работает в режиме, где емкостное сопротивление X_{C1} равно сопротивлению R1?",25,1,L09_p5,L13_p20|L14_p113|L10_p18|L15_p33|L27_p13|L23_p88|L21_p10|L06_p10|L29_p28|L27_p39,22.079555,7.141396,lexical_mismatch,0.0,0.0,0.0,0.0,0.0,0.0
276,hybrid,question,"Используя формулу i = 200(e^-5t - e^-10t)A и учитывая, что при t=0 ток равен 0, а при t=∞ ток стремится к 0, определите, как изменяется ток в цепи с течением времени. Какие значения принимает ток при t=0 и t=∞?",43,1,L29_p74,L28_p30|L03_p23|L26_p35|L25_p88|L29_p6|L29_p1|L03_p58|L24_p83|L08_p13|L11_p29,47.481103,8.816102,lexical_mismatch,0.0,0.0,0.0,0.0,0.0,0.0
283,hybrid,question,"Как по формуле F = Iw = ΣH_i l_i + H_δ δ рассчитать НС в магнитной цепи, если известны значения H_i, l_i и H_δ δ для каждого участка контура?",28,1,L33_p22,L32_p46|L32_p41|L39_p74|L02_p45|L12_p11|L03_p6|L05_p80|L10_p7|L22_p63|L05_p59,36.860716,11.050324,lexical_mismatch,0.0,0.0,0.0,0.0,0.0,0.0
284,image,question,Какие элементы соединены в этой схеме?,6,1,L08_p30,L28_p55|L01_p4|L39_p27|L39_p28|L39_p77|L13_p49|L14_p3|L10_p0|L23_p18|L11_p16,13.597765,7.422007,lexical_mismatch,0.0,0.0,0.0,0.0,0.0,0.0
285,image,question,Какие элементы соединены между собой на этой схеме?,8,1,L30_p30,L28_p55|L33_p11|L09_p2|L12_p54|L14_p12|L42_p26|L30_p3|L01_p4|L41_p34|L09_p12,12.701981,4.196895,lexical_mismatch,0.0,0.0,0.0,0.0,0.0,0.0
286,image,question,Какие элементы соединены в данной электрической схеме?,7,1,L43_p52,L01_p4|L28_p55|L39_p27|L21_p32|L13_p22|L09_p2|L33_p60|L39_p28|L29_p32|L01_p2,8.390434,1.551941,lexical_mismatch,0.0,0.0,0.0,0.0,0.0,0.0
287,image,question,Какие элементы соединены в этой схеме?,6,1,L24_p66,L28_p55|L01_p4|L39_p27|L39_p28|L39_p77|L13_p49|L14_p3|L10_p0|L23_p18|L11_p16,13.597765,7.422007,lexical_mismatch,0.0,0.0,0.0,0.0,0.0,0.0
288,image,question,Какие элементы соединены в данной схеме?,6,1,L35_p14,L01_p4|L28_p55|L39_p27|L13_p22|L33_p60|L39_p28|L29_p32|L31_p12|L14_p3|L04_p95,8.390434,1.958809,lexical_mismatch,0.0,0.0,0.0,0.0,0.0,0.0
289,image,question,Какие элементы связаны между собой через магнитную связь?,8,1,L10_p35,L14_p12|L42_p26|L41_p34|L33_p73|L11_p8|L23_p18|L12_p45|L32_p63|L37_p47|L32_p17,14.334355,3.499025,lexical_mismatch,0.0,0.0,0.0,0.0,0.0,0.0
292,image,question,Какое значение тока I7 указано на схеме?,7,1,L05_p31,L03_p14|L03_p6|L23_p90|L06_p51|L24_p15|L38_p55|L25_p64|L38_p18|L38_p38|L36_p40,9.371073,0.9641,lexical_mismatch,0.0,0.0,0.0,0.0,0.0,0.0
294,hybrid,question,"Какой комплекс действующего значения тока ветви e1 можно получить из выражения e1 = 169 sin(ωt + 90°)B, если известно, что B - это комплексная амплитуда и ω - круговая частота?",27,1,L05_p95,L06_p37|L05_p77|L31_p8|L04_p111|L04_p112|L14_p41|L03_p64|L13_p15|L04_p114|L28_p37,25.021894,8.071869,lexical_mismatch,0.0,0.0,0.0,0.0,0.0,0.0
298,image,question,Какие элементы соединены в этой схеме?,6,1,L35_p15,L28_p55|L01_p4|L39_p27|L39_p28|L39_p77|L13_p49|L14_p3|L10_p0|L23_p18|L11_p16,13.597765,7.422007,lexical_mismatch,0.0,0.0,0.0,0.0,0.0,0.0
300,image,question,Какие элементы соединены между собой в этой схеме?,8,1,L34_p53,L28_p55|L14_p12|L33_p11|L41_p34|L12_p54|L01_p4|L09_p2|L42_p26|L30_p3|L39_p27,13.597765,5.136656,lexical_mismatch,0.0,0.0,0.0,0.0,0.0,0.0
302,text,question,Какие методы расчета не применимы к нелинейным цепям?,8,1,L30_p24,L38_p45|L38_p1|L30_p26|L33_p12|L33_p41|L31_p44|L35_p27|L05_p33|L38_p8|L34_p28,15.616729,3.750876,lexical_mismatch,0.0,0.0,0.0,0.0,0.0,0.0
303,text,question,"Как изменится напряжение на резисторе, если сопротивление увеличится на 10%?",10,1,L31_p33,L23_p88|L04_p3|L01_p43|L04_p111|L04_p112|L37_p66|L40_p49|L17_p40|L34_p58|L25_p76,12.964875,3.410338,lexical_mismatch,0.0,0.0,0.0,0.0,0.0,0.0
304,hybrid,question,"Какое комплексное сопротивление катушки индуктивности будет иметь значение I = √(I_R^2 + I_L^2) при частоте тока f = 50 Гц, если известно, что I_R = 10 А и I_L = 15 А?",33,1,L04_p34,L03_p6|L23_p64|L10_p7|L22_p63|L05_p80|L05_p82|L05_p59|L04_p18|L05_p55|L04_p38,40.796758,10.919957,lexical_mismatch,0.0,0.0,0.0,0.0,0.0,0.0
305,hybrid,question,"Каковы основные факторы, влияющие на значение коэффициента связи между двумя катушками, и как это влияет на их взаимодействие? Объясните на основе приведенного текста.",23,1,L10_p9,L24_p24|L40_p31|L37_p76|L01_p5|L35_p20|L22_p23|L30_p10|L11_p38|L24_p37|L39_p25,12.923128,1.986127,lexical_mismatch,0.0,0.0,0.0,0.0,0.0,0.0
306,image,question,Какие элементы соединены в этой схеме?,6,1,L05_p67,L28_p55|L01_p4|L39_p27|L39_p28|L39_p77|L13_p49|L14_p3|L10_p0|L23_p18|L11_p16,13.597765,7.422007,lexical_mismatch,0.0,0.0,0.0,0.0,0.0,0.0
307,hybrid,question,"Какой ток I1 будет в цепи, если известно, что I1 = 10 A?",12,1,L09_p23,L23_p88|L17_p40|L28_p37|L03_p36|L10_p14|L18_p69|L42_p21|L26_p41|L04_p1|L13_p39,13.179834,3.620407,lexical_mismatch,0.0,0.0,0.0,0.0,0.0,0.0
308,image,question,Какие элементы соединены между собой на этой схеме?,8,1,L34_p5,L28_p55|L33_p11|L09_p2|L12_p54|L14_p12|L42_p26|L30_p3|L01_p4|L41_p34|L09_p12,12.701981,4.196895,lexical_mismatch,0.0,0.0,0.0,0.0,0.0,0.0
311,image,question,Какие элементы соединены в этой схеме?,6,1,L01_p50,L28_p55|L01_p4|L39_p27|L39_p28|L39_p77|L13_p49|L14_p3|L10_p0|L23_p18|L11_p16,13.597765,7.422007,lexical_mismatch,0.0,0.0,0.0,0.0,0.0,0.0
313,text,question,Какой вид электрического тока упоминается в данном тексте?,8,1,L07_p51,L04_p109|L43_p57|L37_p56|L12_p45|L20_p35|L03_p92|L28_p37|L31_p75|L31_p61|L24_p68,7.86734,1.522074,lexical_mismatch,0.0,0.0,0.0,0.0,0.0,0.0
321,image,question,Какие элементы соединены в этой схеме?,6,1,L27_p89,L28_p55|L01_p4|L39_p27|L39_p28|L39_p77|L13_p49|L14_p3|L10_p0|L23_p18|L11_p16,13.597765,7.422007,lexical_mismatch,0.0,0.0,0.0,0.0,0.0,0.0
322,text,question,Какое комплексное сопротивление катушки индуктивности имеет значение при частоте тока 50 Гц?,12,1,L04_p34,L27_p18|L39_p80|L37_p26|L19_p52|L07_p24|L04_p112|L04_p111|L38_p18|L04_p110|L25_p66,15.477009,3.290129,lexical_mismatch,0.0,0.0,0.0,0.0,0.0,0.0
325,hybrid,question,"Как изменится напряжение на конденсаторе L в цепи, если индуктивность L увеличится вдвое, а интенсивность тока I(p) уменьшится втрое?",20,1,L27_p16,L26_p65|L25_p1|L26_p78|L25_p27|L26_p14|L41_p21|L04_p18|L08_p18|L01_p60|L24_p44,16.933375,2.876669,lexical_mismatch,0.0,0.0,0.0,0.0,0.0,0.0
326,text,question,"Какой метод используется для расчета электрических цепей, когда необходимо определить действующее значение тока или напряжения?",15,1,L35_p32,L23_p90|L03_p14|L30_p23|L02_p11|L22_p20|L39_p71|L23_p5|L03_p81|L12_p2|L05_p7,23.492538,8.997962,lexical_mismatch,0.0,0.0,0.0,0.0,0.0,0.0
329,image,question,Какие элементы соединены между собой в этой схеме?,8,1,L13_p48,L28_p55|L14_p12|L33_p11|L41_p34|L12_p54|L01_p4|L09_p2|L42_p26|L30_p3|L39_p27,13.597765,5.136656,lexical_mismatch,0.0,0.0,0.0,0.0,0.0,0.0
330,text,question,Какой метод используется для выбора коэффициентов в анализе нелинейных характеристик?,10,1,L31_p8,L34_p15|L35_p5|L34_p30|L28_p48|L39_p71|L34_p7|L34_p9|L35_p33|L39_p2|L34_p29,13.3901,1.252998,lexical_mismatch,0.0,0.0,0.0,0.0,0.0,0.0
331,text,question,Какой материал используется для создания ферромагнитного сердечника в трансформаторе?,9,1,L37_p51,L33_p29|L10_p24|L21_p7|L01_p26|L37_p25|L34_p15|L04_p109|L33_p3|L07_p27|L28_p48,15.99117,8.562654,lexical_mismatch,0.0,0.0,0.0,0.0,0.0,0.0
336,text,question,"Какой из следующих элементов является индуктивным: резистор, конденсатор или катушка индуктивности?",11,1,L39_p57,L04_p109|L23_p35|L07_p12|L01_p18|L04_p42|L24_p14|L10_p2|L01_p19|L24_p21|L01_p12,25.955789,14.622002,lexical_mismatch,0.0,0.0,0.0,0.0,0.0,0.0
340,image,question,Какие элементы соединены между собой в схеме на рисунке 1a?,10,1,L14_p4,L33_p11|L12_p54|L09_p2|L14_p12|L41_p34|L01_p4|L42_p26|L30_p3|L09_p12|L28_p55,9.960749,1.36094,lexical_mismatch,0.0,0.0,0.0,0.0,0.0,0.0
342,image,question,Какие элементы связаны в этой схеме и как они взаимодействуют?,10,1,L04_p34,L28_p55|L42_p26|L01_p4|L01_p2|L07_p28|L39_p27|L02_p21|L09_p44|L41_p34|L11_p1,13.597765,5.42609,lexical_mismatch,0.0,0.0,0.0,0.0,0.0,0.0
344,image,question,Какие элементы соединены в этой схеме?,6,1,L17_p67,L28_p55|L01_p4|L39_p27|L39_p28|L39_p77|L13_p49|L14_p3|L10_p0|L23_p18|L11_p16,13.597765,7.422007,lexical_mismatch,0.0,0.0,0.0,0.0,0.0,0.0
345,text,question,Какой метод используется для анализа цепей с двумя узлами?,9,1,L30_p44,L31_p29|L39_p71|L33_p54|L38_p70|L39_p6|L35_p5|L34_p30|L03_p92|L05_p83|L03_p93,11.996245,2.820859,lexical_mismatch,0.0,0.0,0.0,0.0,0.0,0.0
348,text,question,Каковы особенности уравновешенных систем в электротехнике?,6,1,L16_p13,L23_p60|L38_p0|L34_p0|L23_p18|L16_p1|L16_p9|L16_p17|L07_p27|L17_p1|L17_p25,14.022244,6.048351,lexical_mismatch,0.0,0.0,0.0,0.0,0.0,0.0
349,image,question,Какие элементы образуют цепь на схеме?,6,1,L18_p64,L01_p4|L23_p49|L32_p99|L32_p100|L39_p27|L04_p61|L39_p28|L23_p56|L28_p55|L39_p39,7.855852,1.354716,lexical_mismatch,0.0,0.0,0.0,0.0,0.0,0.0
350,image,question,Какие элементы соединены между собой в этой схеме?,8,1,L03_p31,L28_p55|L14_p12|L33_p11|L41_p34|L12_p54|L01_p4|L09_p2|L42_p26|L30_p3|L39_p27,13.597765,5.136656,lexical_mismatch,0.0,0.0,0.0,0.0,0.0,0.0
359,image,question,Какие элементы соединены в этой схеме?,6,1,L14_p6,L28_p55|L01_p4|L39_p27|L39_p28|L39_p77|L13_p49|L14_p3|L10_p0|L23_p18|L11_p16,13.597765,7.422007,lexical_mismatch,0.0,0.0,0.0,0.0,0.0,0.0
363,text,question,Какие законы применяются к прямым и обратным волнам напряжения и тока?,11,1,L40_p43,L04_p43|L04_p26|L04_p8|L05_p8|L32_p83|L24_p40|L27_p1|L24_p31|L24_p33|L32_p67,10.97797,1.992686,lexical_mismatch,0.0,0.0,0.0,0.0,0.0,0.0
369,hybrid,question,"Как изменится форма сигнала u(t) = U_m sin(αt + φ_U), если изменить частоту α на новое значение α'?",17,1,L26_p18,L03_p7|L02_p57|L22_p62|L40_p6|L22_p23|L11_p29|L04_p18|L06_p37|L04_p38|L24_p83,28.517903,13.801929,lexical_mismatch,0.0,0.0,0.0,0.0,0.0,0.0
370,image,question,Какие элементы соединены между собой в этой схеме?,8,1,L12_p22,L28_p55|L14_p12|L33_p11|L41_p34|L12_p54|L01_p4|L09_p2|L42_p26|L30_p3|L39_p27,13.597765,5.136656,lexical_mismatch,0.0,0.0,0.0,0.0,0.0,0.0
372,hybrid,question,Какое комплексное сопротивление имеет катушка индуктивности с индуктивностью L = 0.5 H при частоте тока f = 50 Hz?,18,1,L04_p19,L04_p112|L32_p46|L33_p75|L37_p26|L23_p35|L01_p19|L26_p78|L19_p52|L01_p61|L07_p12,15.823857,2.482889,lexical_mismatch,0.0,0.0,0.0,0.0,0.0,0.0
376,text,question,Какое количество ветвей в графе на рисунке 3?,8,1,L02_p25,L02_p10|L06_p67|L06_p7|L29_p20|L02_p12|L11_p14|L13_p17|L02_p18|L02_p32|L05_p95,9.462285,2.615757,lexical_mismatch,0.0,0.0,0.0,0.0,0.0,0.0
377,image,question,Какие элементы соединены в этой схеме?,6,1,L13_p4,L28_p55|L01_p4|L39_p27|L39_p28|L39_p77|L13_p49|L14_p3|L10_p0|L23_p18|L11_p16,13.597765,7.422007,lexical_mismatch,0.0,0.0,0.0,0.0,0.0,0.0
378,hybrid,question,"Какой метод используется для расчета нелинейной цепи, когда известна вебер-амперная характеристика нелинейного элемента, и каким образом эта характеристика аппроксимируется для расчета первой и третьей гармоник тока в цепи, состоящей из последовательно соединенного линейного конденсатора и нелинейной катушки?",38,1,L36_p19,L35_p36|L36_p60|L38_p18|L39_p73|L33_p48|L36_p59|L39_p72|L34_p12|L36_p52|L35_p2,47.250959,23.545745,lexical_mismatch,0.0,0.0,0.0,0.0,0.0,0.0
379,text,question,"Какова частота сигнала, если его период составляет 0.02 секунды?",10,1,L03_p3,L26_p32|L21_p58|L04_p112|L04_p111|L21_p27|L01_p46|L08_p43|L36_p17|L07_p6|L34_p2,13.480626,4.468407,lexical_mismatch,0.0,0.0,0.0,0.0,0.0,0.0
381,image,question,Какие элементы соединены в этой схеме?,6,1,L25_p82,L28_p55|L01_p4|L39_p27|L39_p28|L39_p77|L13_p49|L14_p3|L10_p0|L23_p18|L11_p16,13.597765,7.422007,lexical_mismatch,0.0,0.0,0.0,0.0,0.0,0.0
384,hybrid,question,"Какое значение имеет переменная Zb в данной схеме, если известно, что j100 Ом соответствует реактивному сопротивлению?",16,1,L09_p58,L27_p39|L27_p13|L18_p79|L04_p95|L23_p88|L31_p12|L16_p14|L27_p74|L07_p62|L38_p48,12.287133,2.123387,lexical_mismatch,0.0,0.0,0.0,0.0,0.0,0.0
387,text,question,Какие формулы используются для расчета напряжений и токов в трехфазной системе с учетом последовательности?,14,1,L20_p28,L20_p61|L19_p50|L16_p11|L23_p46|L19_p36|L19_p37|L20_p25|L19_p30|L28_p25|L23_p49,13.605222,1.11986,lexical_mismatch,0.0,0.0,0.0,0.0,0.0,0.0
389,text,question,Какую матрицу используют для расчета электрических цепей?,7,1,L11_p28,L30_p23|L32_p98|L09_p30|L32_p78|L13_p15|L02_p11|L29_p40|L24_p26|L05_p5|L22_p45,14.636162,4.74759,lexical_mismatch,0.0,0.0,0.0,0.0,0.0,0.0
392,image,question,Какие элементы соединены последовательно и параллельно на этой схеме?,9,1,L28_p38,L28_p55|L33_p11|L12_p41|L01_p4|L09_p36|L09_p31|L39_p27|L39_p70|L08_p25|L39_p39,12.701981,4.965504,lexical_mismatch,0.0,0.0,0.0,0.0,0.0,0.0
395,text,question,Какая характеристика термистора представлена на рисунке 2?,7,1,L34_p4,L34_p12|L22_p4|L38_p48|L16_p37|L38_p18|L34_p16|L34_p22|L17_p19|L34_p13|L17_p49,8.726013,1.325818,lexical_mismatch,0.0,0.0,0.0,0.0,0.0,0.0
396,text,question,Какой модуль тока используется в данном контексте?,7,1,L13_p37,L21_p13|L04_p109|L34_p15|L12_p45|L07_p27|L28_p48|L03_p92|L28_p37|L03_p93|L30_p46,9.041978,2.584011,lexical_mismatch,0.0,0.0,0.0,0.0,0.0,0.0
398,image,question,Какие элементы соединены в этой схеме?,6,1,L30_p29,L28_p55|L01_p4|L39_p27|L39_p28|L39_p77|L13_p49|L14_p3|L10_p0|L23_p18|L11_p16,13.597765,7.422007,lexical_mismatch,0.0,0.0,0.0,0.0,0.0,0.0
399,image,question,Какие элементы соединены в этой схеме?,6,1,L04_p50,L28_p55|L01_p4|L39_p27|L39_p28|L39_p77|L13_p49|L14_p3|L10_p0|L23_p18|L11_p16,13.597765,7.422007,lexical_mismatch,0.0,0.0,0.0,0.0,0.0,0.0
406,text,question,Какой ток проходит через нейтральный провод при отсутствии нагрузки?,9,1,L17_p60,L16_p25|L18_p8|L07_p41|L23_p21|L23_p29|L43_p49|L23_p88|L43_p14|L16_p36|L23_p81,13.960441,3.342994,lexical_mismatch,0.0,0.0,0.0,0.0,0.0,0.0
409,image,question,Какие элементы соединены в этой схеме?,6,1,L12_p34,L28_p55|L01_p4|L39_p27|L39_p28|L39_p77|L13_p49|L14_p3|L10_p0|L23_p18|L11_p16,13.597765,7.422007,lexical_mismatch,0.0,0.0,0.0,0.0,0.0,0.0
413,text,question,Какие токи синусоидальны и как их можно представить?,8,1,L03_p34,L41_p59|L10_p41|L03_p20|L34_p58|L31_p40|L16_p42|L05_p51|L06_p4|L14_p46|L06_p24,11.875246,2.011253,lexical_mismatch,0.0,0.0,0.0,0.0,0.0,0.0
415,hybrid,question,"Какое комплексное сопротивление катушки индуктивности можно рассчитать по формуле (5) при частоте тока 50 Гц, если известно, что индуктивность катушки равна 0.1 мГн?",24,1,L04_p35,L27_p18|L07_p24|L04_p112|L01_p21|L33_p69|L01_p19|L21_p2|L33_p74|L25_p66|L04_p111,20.935095,3.047643,lexical_mismatch,0.0,0.0,0.0,0.0,0.0,0.0
416,hybrid,question,"Как связаны фазовый угол и амплитуда комплексного магнитного сопротивления Z_M = R_M + jX_M, если известно, что Z_M = l / (μ_0 μS) (μ_1 + j μ_2)?",26,1,L37_p26,L06_p29|L28_p43|L03_p52|L02_p36|L02_p25|L02_p18|L13_p53|L12_p45|L12_p4|L12_p49,27.995372,6.100433,lexical_mismatch,0.0,0.0,0.0,0.0,0.0,0.0
418,text,question,Какое значение имеет период для периодического тока?,7,1,L03_p2,L03_p15|L07_p6|L22_p31|L22_p21|L18_p22|L22_p7|L03_p10|L22_p35|L03_p6|L03_p14,13.411401,2.454561,lexical_mismatch,0.0,0.0,0.0,0.0,0.0,0.0
422,text,question,"Какое значение переменной r нужно найти, чтобы удовлетворить условию задачи?",10,1,L25_p15,L22_p20|L07_p40|L03_p5|L39_p11|L38_p34|L03_p10|L14_p47|L22_p35|L41_p11|L35_p37,12.515452,3.353212,lexical_mismatch,0.0,0.0,0.0,0.0,0.0,0.0
423,text,question,"Какое значение тока в катушке индуктивности, если потокосцепление равно 2 вебера?",11,1,L39_p73,L38_p18|L25_p76|L26_p43|L25_p47|L35_p44|L10_p7|L01_p23|L10_p14|L03_p14|L03_p6,13.012547,1.389684,lexical_mismatch,0.0,0.0,0.0,0.0,0.0,0.0
424,hybrid,question,"Как можно использовать методику, описанную в тексте, для расчета токов в ветвях сложной электрической цепи, если известны только напряжения на резисторах?",21,1,L30_p61,L17_p40|L28_p25|L12_p68|L08_p44|L26_p19|L05_p69|L26_p10|L27_p32|L09_p2|L05_p37,15.526065,2.102167,lexical_mismatch,0.0,0.0,0.0,0.0,0.0,0.0
425,image,question,"Какое значение тока проходит через элемент, обозначенный как I?",9,1,L31_p82,L03_p6|L24_p15|L04_p1|L04_p16|L03_p14|L23_p90|L22_p23|L22_p21|L18_p22|L38_p55,15.65621,6.285137,lexical_mismatch,0.0,0.0,0.0,0.0,0.0,0.0
428,image,question,Какие элементы соединены последовательно и параллельно в этой схеме?,9,1,L24_p70,L28_p55|L01_p4|L12_p41|L33_p11|L39_p27|L09_p36|L08_p25|L09_p31|L30_p39|L08_p1,13.597765,5.687044,lexical_mismatch,0.0,0.0,0.0,0.0,0.0,0.0
434,hybrid,question,"Какое значение имеет сопротивление R3 в данной электрической схеме, если известно, что R1 = 2 Ом, R2 = 4 Ом, и суммарное сопротивление всех ветвей равно 9 Ом?",26,1,L09_p23,L13_p20|L10_p18|L23_p88|L07_p62|L07_p63|L39_p99|L04_p25|L15_p17|L13_p26|L40_p51,34.616038,7.747806,lexical_mismatch,0.0,0.0,0.0,0.0,0.0,0.0
444,text,question,Какие параметры используются для описания электромагнитных волн?,7,1,L40_p20,L43_p8|L01_p47|L36_p12|L13_p32|L09_p5|L41_p64|L40_p39|L30_p11|L40_p43|L43_p57,8.294296,0.91156,lexical_mismatch,0.0,0.0,0.0,0.0,0.0,0.0
451,hybrid,question,"Как изменится момент в цепи после коммутации, если известно, что R1 = 2 Ом, i2(0) = 3 А, i3(0) = 4 А, R3 = 5 Ом и uC(0) = 10 В?",29,1,L24_p55,L07_p63|L13_p20|L01_p61|L23_p88|L39_p104|L09_p27|L28_p30|L03_p23|L39_p109|L39_p114,28.559692,6.165921,lexical_mismatch,0.0,0.0,0.0,0.0,0.0,0.0
454,text,question,Какая матрица используется для описания проводимости узлов в электрической сети?,10,1,L06_p73,L02_p39|L12_p28|L01_p47|L11_p14|L02_p28|L06_p23|L06_p61|L06_p19|L33_p54|L02_p30,9.900362,1.991786,lexical_mismatch,0.0,0.0,0.0,0.0,0.0,0.0
455,text,question,Какая фазовая разница между первой гармоникой тока и потокосцеплением в контуре с катушкой?,13,1,L34_p63,L41_p12|L24_p42|L24_p9|L41_p4|L17_p49|L32_p92|L42_p26|L41_p34|L23_p8|L10_p42,9.745006,1.649826,lexical_mismatch,0.0,0.0,0.0,0.0,0.0,0.0
456,image,question,Какие элементы соединены в этой схеме?,6,1,L28_p30,L28_p55|L01_p4|L39_p27|L39_p28|L39_p77|L13_p49|L14_p3|L10_p0|L23_p18|L11_p16,13.597765,7.422007,lexical_mismatch,0.0,0.0,0.0,0.0,0.0,0.0
460,image,question,Какие элементы соединены в этой схеме?,6,1,L13_p13,L28_p55|L01_p4|L39_p27|L39_p28|L39_p77|L13_p49|L14_p3|L10_p0|L23_p18|L11_p16,13.597765,7.422007,lexical_mismatch,0.0,0.0,0.0,0.0,0.0,0.0
462,image,question,Какие элементы соединены в этой электрической схеме?,7,1,L07_p57,L28_p55|L01_p4|L39_p27|L21_p32|L09_p17|L09_p2|L39_p28|L01_p2|L01_p35|L39_p77,13.597765,6.860962,lexical_mismatch,0.0,0.0,0.0,0.0,0.0,0.0
463,text,question,Какие начальные условия могут быть нулевыми в контексте электрических цепей?,10,1,L27_p16,L24_p31|L29_p29|L28_p4|L02_p11|L30_p23|L09_p30|L11_p12|L27_p32|L32_p98|L36_p15,16.497438,6.160539,lexical_mismatch,0.0,0.0,0.0,0.0,0.0,0.0
464,text,question,Какое утверждение верно для узла в электрической цепи?,8,1,L27_p43,L02_p41|L05_p77|L02_p0|L05_p71|L31_p50|L06_p57|L29_p18|L24_p6|L21_p32|L07_p46,9.680854,1.855749,lexical_mismatch,0.0,0.0,0.0,0.0,0.0,0.0
466,image,question,Какие элементы соединены в этой схеме?,6,1,L14_p22,L28_p55|L01_p4|L39_p27|L39_p28|L39_p77|L13_p49|L14_p3|L10_p0|L23_p18|L11_p16,13.597765,7.422007,lexical_mismatch,0.0,0.0,0.0,0.0,0.0,0.0
468,image,question,Какие элементы соединены последовательно и параллельно в этой схеме?,9,1,L19_p50,L28_p55|L01_p4|L12_p41|L33_p11|L39_p27|L09_p36|L08_p25|L09_p31|L30_p39|L08_p1,13.597765,5.687044,lexical_mismatch,0.0,0.0,0.0,0.0,0.0,0.0
471,image,question,Какие элементы соединены между собой на этой схеме?,8,1,L27_p59,L28_p55|L33_p11|L09_p2|L12_p54|L14_p12|L42_p26|L30_p3|L01_p4|L41_p34|L09_p12,12.701981,4.196895,lexical_mismatch,0.0,0.0,0.0,0.0,0.0,0.0
474,image,question,Какие элементы соединены в этой схеме?,6,1,L07_p22,L28_p55|L01_p4|L39_p27|L39_p28|L39_p77|L13_p49|L14_p3|L10_p0|L23_p18|L11_p16,13.597765,7.422007,lexical_mismatch,0.0,0.0,0.0,0.0,0.0,0.0
476,text,question,Какое значение используется для описания переменного тока в электротехнике?,9,1,L22_p21,L03_p14|L07_p27|L34_p7|L03_p6|L24_p15|L23_p90|L38_p38|L25_p64|L01_p47|L38_p55,17.092358,7.912479,lexical_mismatch,0.0,0.0,0.0,0.0,0.0,0.0
478,hybrid,question,"На рисунке изображена характеристика нагрузки (HP) и ее аппроксимация прямыми линиями. Какой из следующих утверждений верно относительно работы нагрузки в режиме, соответствующем точке 2 на графике?",26,1,L36_p3,L18_p14|L33_p56|L18_p4|L20_p54|L37_p89|L37_p74|L13_p42|L16_p26|L30_p46|L14_p85,15.872985,1.918656,lexical_mismatch,0.0,0.0,0.0,0.0,0.0,0.0
479,image,question,Какие элементы соединены в этой схеме?,6,1,L33_p35,L28_p55|L01_p4|L39_p27|L39_p28|L39_p77|L13_p49|L14_p3|L10_p0|L23_p18|L11_p16,13.597765,7.422007,lexical_mismatch,0.0,0.0,0.0,0.0,0.0,0.0
484,hybrid,question,"Какое значение имеет начальная фаза синусоидальной функции, если ее амплитуда равна 1, частота 2π и начальное значение функции равно -1?",20,1,L03_p23,L27_p13|L36_p40|L03_p61|L36_p47|L38_p55|L22_p23|L24_p15|L24_p50|L36_p35|L23_p8,31.28198,14.042917,lexical_mismatch,0.0,0.0,0.0,0.0,0.0,0.0
486,hybrid,question,"Какие зависимости между сопротивлениями и напряжением можно построить, используя уравнение U(I) = R * I, если известны два значения сопротивлений (R1 и R2), и как эти зависимости будут выглядеть на графиках?",30,1,L35_p14,L05_p59|L08_p19|L05_p56|L05_p55|L40_p6|L05_p80|L24_p14|L13_p39|L15_p35|L04_p3,20.790665,3.978404,lexical_mismatch,0.0,0.0,0.0,0.0,0.0,0.0
487,image,question,Какие элементы соединены между собой в этой схеме?,8,1,L13_p13,L28_p55|L14_p12|L33_p11|L41_p34|L12_p54|L01_p4|L09_p2|L42_p26|L30_p3|L39_p27,13.597765,5.136656,lexical_mismatch,0.0,0.0,0.0,0.0,0.0,0.0
490,image,question,Какие элементы соединены в данной электрической схеме?,7,1,L43_p36,L01_p4|L28_p55|L39_p27|L21_p32|L13_p22|L09_p2|L33_p60|L39_p28|L29_p32|L01_p2,8.390434,1.551941,lexical_mismatch,0.0,0.0,0.0,0.0,0.0,0.0
497,hybrid,question,"Какое комплексное сопротивление катушки индуктивности будет иметь при частоте тока 50 Гц, если индуктивность катушки равна 0.1 мГн и активное сопротивление равно нулю?",24,1,L04_p35,L27_p18|L07_p9|L37_p26|L37_p31|L14_p113|L04_p112|L04_p111|L33_p69|L19_p52|L04_p110,25.944556,6.642194,lexical_mismatch,0.0,0.0,0.0,0.0,0.0,0.0
498,image,question,Какие элементы соединены в этой схеме и как это можно интерпретировать?,11,1,L23_p49,L28_p55|L13_p5|L13_p49|L24_p86|L11_p16|L01_p4|L06_p24|L01_p1|L06_p62|L21_p59,13.597765,4.697807,lexical_mismatch,0.0,0.0,0.0,0.0,0.0,0.0
501,image,question,Какие элементы соединены между собой в этой схеме?,8,1,L05_p21,L28_p55|L14_p12|L33_p11|L41_p34|L12_p54|L01_p4|L09_p2|L42_p26|L30_p3|L39_p27,13.597765,5.136656,lexical_mismatch,0.0,0.0,0.0,0.0,0.0,0.0
502,image,question,Как соединены элементы в этой схеме?,6,1,L27_p21,L28_p55|L01_p4|L39_p27|L11_p1|L39_p28|L39_p77|L13_p49|L14_p3|L10_p0|L23_p18,13.597765,7.221534,lexical_mismatch,0.0,0.0,0.0,0.0,0.0,0.0
510,image,question,Какие элементы соединены в этой схеме?,6,1,L01_p43,L28_p55|L01_p4|L39_p27|L39_p28|L39_p77|L13_p49|L14_p3|L10_p0|L23_p18|L11_p16,13.597765,7.422007,lexical_mismatch,0.0,0.0,0.0,0.0,0.0,0.0
512,image,question,Какие элементы соединены в этой схеме и какое значение имеет ток i_{np}?,13,1,L43_p64,L28_p55|L03_p6|L39_p74|L13_p39|L38_p48|L12_p32|L40_p6|L22_p23|L11_p4|L01_p4,13.597765,3.828343,lexical_mismatch,0.0,0.0,0.0,0.0,0.0,0.0
513,image,question,Какие элементы соединены в этой схеме?,6,1,L14_p55,L28_p55|L01_p4|L39_p27|L39_p28|L39_p77|L13_p49|L14_p3|L10_p0|L23_p18|L11_p16,13.597765,7.422007,lexical_mismatch,0.0,0.0,0.0,0.0,0.0,0.0
514,text,question,Какие элементы включены в обмотки электрической цепи?,7,1,L10_p32,L37_p72|L10_p0|L23_p18|L32_p28|L01_p5|L31_p50|L01_p2|L29_p18|L24_p6|L10_p11,8.475347,0.472211,lexical_mismatch,0.0,0.0,0.0,0.0,0.0,0.0
518,image,question,Какие элементы соединены в этой схеме?,6,1,L02_p55,L28_p55|L01_p4|L39_p27|L39_p28|L39_p77|L13_p49|L14_p3|L10_p0|L23_p18|L11_p16,13.597765,7.422007,lexical_mismatch,0.0,0.0,0.0,0.0,0.0,0.0
520,text,question,Какая характеристика катушки индуктивности упоминается в данном тексте?,8,1,L23_p35,L07_p21|L38_p18|L35_p36|L27_p18|L39_p73|L04_p94|L33_p63|L39_p80|L04_p110|L01_p19,10.896184,0.752379,lexical_mismatch,0.0,0.0,0.0,0.0,0.0,0.0
521,text,question,"Какой аспект несинусоидального напряжения или тока можно изучить, основываясь только на данном тексте?",13,1,L22_p1,L04_p109|L22_p31|L34_p6|L40_p10|L22_p38|L41_p63|L40_p50|L22_p2|L23_p0|L27_p14,12.497071,2.377296,lexical_mismatch,0.0,0.0,0.0,0.0,0.0,0.0
525,text,question,Какие токи в системе симметричной фазной нагрузки равны?,8,1,L16_p25,L20_p46|L09_p23|L19_p35|L17_p40|L17_p37|L16_p11|L16_p36|L06_p16|L18_p14|L37_p89,11.753966,3.754795,lexical_mismatch,0.0,0.0,0.0,0.0,0.0,0.0
526,image,question,Какие элементы соединены между собой в этой схеме?,8,1,L36_p41,L28_p55|L14_p12|L33_p11|L41_p34|L12_p54|L01_p4|L09_p2|L42_p26|L30_p3|L39_p27,13.597765,5.136656,lexical_mismatch,0.0,0.0,0.0,0.0,0.0,0.0
527,text,question,"Какой закон коммутации используется для объяснения того, что произойдет с током в цепи, если переставить два провода?",17,1,L25_p41,L17_p47|L26_p35|L24_p38|L24_p36|L24_p42|L24_p44|L19_p45|L12_p73|L30_p46|L28_p37,15.107637,2.508924,lexical_mismatch,0.0,0.0,0.0,0.0,0.0,0.0
533,hybrid,question,"Какие из следующих утверждений верны для гармонических фазных токов, представленных в формулах B_A = B_m sin(αt), B_B = B_m sin(αt - 2π/3) и B_C = B_m sin(αt + 2π/3)?
1. Фазные токи B_A, B_B и B_C имеют одинаковую амплитуду B_m.
2. Фазные токи B_A, B_B и B_C имеют одинаковую частоту αt.
3. Фазные токи B_A, B_B и B_C имеют одинаковую фазовую скорость изменения.
4. Фазные токи B_A, B_B и B_C имеют одинаковую начальную фазу.",93,1,L21_p43,L06_p37|L13_p9|L14_p41|L05_p77|L17_p35|L31_p8|L32_p41|L13_p15|L09_p27|L32_p46,247.903894,78.97676,lexical_mismatch,0.0,0.0,0.0,0.0,0.0,0.0
536,text,question,Какие устройства используются для измерения симметричных составляющих тока?,8,1,L19_p17,L19_p55|L19_p18|L19_p30|L19_p50|L20_p73|L19_p45|L32_p18|L32_p4|L18_p56|L04_p110,16.962329,4.674424,lexical_mismatch,0.0,0.0,0.0,0.0,0.0,0.0
538,text,question,Какое значение имеет периодическая несинусоидальная переменная в данный момент времени?,10,1,L22_p20,L29_p5|L03_p23|L38_p55|L16_p14|L24_p63|L29_p4|L03_p5|L15_p26|L29_p6|L28_p30,12.320456,2.009628,lexical_mismatch,0.0,0.0,0.0,0.0,0.0,0.0
547,image,question,Какие элементы связаны в этой схеме?,6,1,L36_p19,L28_p55|L01_p4|L07_p28|L39_p27|L02_p21|L14_p12|L39_p28|L41_p34|L39_p77|L02_p65,13.597765,6.646046,lexical_mismatch,0.0,0.0,0.0,0.0,0.0,0.0
548,image,question,Какие элементы соединены в этой схеме?,6,1,L25_p71,L28_p55|L01_p4|L39_p27|L39_p28|L39_p77|L13_p49|L14_p3|L10_p0|L23_p18|L11_p16,13.597765,7.422007,lexical_mismatch,0.0,0.0,0.0,0.0,0.0,0.0
549,image,question,Какие элементы изображены на графике и как они связаны?,9,1,L25_p61,L42_p26|L01_p2|L07_p28|L11_p1|L02_p21|L39_p27|L02_p65|L09_p44|L39_p70|L01_p5,9.801239,1.891813,lexical_mismatch,0.0,0.0,0.0,0.0,0.0,0.0
554,hybrid,question,"Какое значение переменной i будет иметь, если известно, что dψ/dt = 0 и R1i = E?",15,1,L38_p68,L22_p20|L04_p18|L03_p6|L04_p38|L22_p23|L06_p77|L02_p43|L02_p63|L02_p45|L27_p13,12.515452,0.746674,lexical_mismatch,0.0,0.0,0.0,0.0,0.0,0.0
555,text,question,Какой контур используется для построения потенциальной диаграммы?,7,1,L09_p24,L09_p20|L09_p8|L09_p27|L23_p11|L05_p55|L05_p44|L03_p42|L34_p15|L37_p33|L04_p109,14.176535,6.621766,lexical_mismatch,0.0,0.0,0.0,0.0,0.0,0.0
562,text,question,Какие точки в электрической сети называются пучностями?,7,1,L41_p66,L21_p32|L42_p11|L14_p47|L31_p31|L30_p0|L01_p35|L01_p0|L36_p31|L36_p36|L31_p50,7.036313,0.661976,lexical_mismatch,0.0,0.0,0.0,0.0,0.0,0.0
563,text,question,Какая единица измерения используется для измерения магнитной индукции в электротехнике?,10,1,L32_p7,L32_p18|L32_p4|L18_p56|L32_p6|L07_p27|L32_p23|L32_p74|L21_p13|L33_p29|L32_p41,30.871404,17.760921,lexical_mismatch,0.0,0.0,0.0,0.0,0.0,0.0
564,hybrid,question,"Какое комплексное сопротивление катушки индуктивности можно рассчитать по формуле (5) при частоте тока 50 Гц, если известны значения г и jbc?",21,1,L04_p35,L04_p112|L27_p18|L04_p111|L07_p24|L37_p26|L03_p74|L01_p19|L19_p52|L21_p2|L31_p68,19.071318,4.578242,lexical_mismatch,0.0,0.0,0.0,0.0,0.0,0.0
566,hybrid,question,"Как изменится значение функции B_A, если амплитуда колебаний M_b увеличится в два раза, а частота колебаний at уменьшится вдвое?",21,1,L21_p23,L26_p32|L13_p9|L06_p37|L18_p83|L17_p35|L14_p41|L05_p77|L27_p13|L13_p15|L26_p73,27.048961,9.925865,lexical_mismatch,0.0,0.0,0.0,0.0,0.0,0.0
568,image,question,Какие элементы соединены между собой в этой схеме?,8,1,L16_p25,L28_p55|L14_p12|L33_p11|L41_p34|L12_p54|L01_p4|L09_p2|L42_p26|L30_p3|L39_p27,13.597765,5.136656,lexical_mismatch,0.0,0.0,0.0,0.0,0.0,0.0
571,hybrid,question,"На рисунке 1 изображена электрическая цепь с источником ЭДС E = 40e^(-3jθ) В и сопротивлением R. Какой ток I протекает через сопротивление R, если угол θ изменяется от 0 до 2π радиан?",31,1,L05_p90,L23_p88|L37_p31|L10_p14|L10_p11|L05_p4|L23_p1|L32_p99|L13_p1|L03_p26|L12_p39,22.603584,5.528471,lexical_mismatch,0.0,0.0,0.0,0.0,0.0,0.0
572,image,question,Какие элементы соединены последовательно и какие параллельно в этой схеме?,10,1,L04_p34,L28_p55|L14_p73|L01_p4|L12_p41|L33_p11|L39_p27|L09_p36|L08_p25|L09_p31|L08_p1,13.597765,5.569397,lexical_mismatch,0.0,0.0,0.0,0.0,0.0,0.0
576,image,question,Какие элементы связаны между собой в этой электрической схеме?,9,1,L06_p81,L14_p12|L12_p45|L41_p34|L42_p26|L28_p55|L09_p2|L11_p8|L12_p54|L01_p4|L07_p49,14.940866,1.343101,lexical_mismatch,0.0,0.0,0.0,0.0,0.0,0.0
580,image,question,Какие элементы соединены между собой в этой схеме?,8,1,L35_p38,L28_p55|L14_p12|L33_p11|L41_p34|L12_p54|L01_p4|L09_p2|L42_p26|L30_p3|L39_p27,13.597765,5.136656,lexical_mismatch,0.0,0.0,0.0,0.0,0.0,0.0
583,image,question,Какие типы соединений используются между элементами в этой схеме?,9,1,L16_p21,L28_p55|L09_p12|L34_p7|L29_p46|L02_p24|L12_p54|L25_p99|L16_p19|L10_p37|L08_p1,13.597765,5.052507,lexical_mismatch,0.0,0.0,0.0,0.0,0.0,0.0
584,image,question,Какие элементы соединены в этой схеме?,6,1,L05_p80,L28_p55|L01_p4|L39_p27|L39_p28|L39_p77|L13_p49|L14_p3|L10_p0|L23_p18|L11_p16,13.597765,7.422007,lexical_mismatch,0.0,0.0,0.0,0.0,0.0,0.0
586,hybrid,question,"Какова роль матрицы Якоби в системе динамических уравнений и как она связана с другими матрицами, упомянутыми в тексте?",18,1,L29_p28,L02_p23|L02_p28|L41_p59|L39_p18|L39_p22|L26_p6|L06_p76|L06_p41|L02_p44|L38_p2,11.459602,3.477202,lexical_mismatch,0.0,0.0,0.0,0.0,0.0,0.0
590,image,question,Какие элементы соединены в этой схеме?,6,1,L35_p4,L28_p55|L01_p4|L39_p27|L39_p28|L39_p77|L13_p49|L14_p3|L10_p0|L23_p18|L11_p16,13.597765,7.422007,lexical_mismatch,0.0,0.0,0.0,0.0,0.0,0.0
592,image,question,Какие элементы соединены между собой на этой схеме?,8,1,L29_p3,L28_p55|L33_p11|L09_p2|L12_p54|L14_p12|L42_p26|L30_p3|L01_p4|L41_p34|L09_p12,12.701981,4.196895,lexical_mismatch,0.0,0.0,0.0,0.0,0.0,0.0
594,hybrid,question,"Какие значения имеют показатели Z0, UAO, UBO и UCO, если IAO, IBO и ICO равны нулю?",16,1,L19_p41,L41_p1|L09_p6|L05_p59|L41_p49|L06_p52|L19_p48|L09_p23|L16_p36|L24_p40|L41_p72,10.329309,1.050209,lexical_mismatch,0.0,0.0,0.0,0.0,0.0,0.0
600,image,question,Какие элементы соединены в этой схеме?,6,1,L37_p53,L28_p55|L01_p4|L39_p27|L39_p28|L39_p77|L13_p49|L14_p3|L10_p0|L23_p18|L11_p16,13.597765,7.422007,lexical_mismatch,0.0,0.0,0.0,0.0,0.0,0.0
604,text,question,Какое свойство нелинейных элементов электрических цепей описывается в данном тексте?,10,1,L36_p17,L30_p23|L02_p11|L09_p30|L30_p24|L39_p50|L34_p7|L34_p0|L34_p9|L34_p29|L30_p9,15.515823,5.480593,lexical_mismatch,0.0,0.0,0.0,0.0,0.0,0.0
608,text,question,Какой метод используется для расчета тока в цепи на рисунке 3?,11,1,L29_p12,L39_p71|L05_p7|L24_p3|L26_p19|L35_p32|L34_p15|L24_p4|L39_p12|L19_p20|L10_p19,12.568665,2.442335,lexical_mismatch,0.0,0.0,0.0,0.0,0.0,0.0
613,image,question,Какие элементы соединены между собой на этой схеме?,8,1,L21_p27,L28_p55|L33_p11|L09_p2|L12_p54|L14_p12|L42_p26|L30_p3|L01_p4|L41_p34|L09_p12,12.701981,4.196895,lexical_mismatch,0.0,0.0,0.0,0.0,0.0,0.0
614,text,question,Какое издательство выпустило учебник?,4,1,L03_p89,L02_p76|L14_p60|L15_p17|L15_p16|L15_p14|L15_p12|L15_p10|L15_p9|L15_p8|L15_p7,5.729398,5.729398,lexical_mismatch,0.0,0.0,0.0,0.0,0.0,0.0
615,image,question,Какие элементы соединены между собой на этой схеме?,8,1,L42_p8,L28_p55|L33_p11|L09_p2|L12_p54|L14_p12|L42_p26|L30_p3|L01_p4|L41_p34|L09_p12,12.701981,4.196895,lexical_mismatch,0.0,0.0,0.0,0.0,0.0,0.0
616,hybrid,question,"Какие параметры колебательного переходного процесса можно определить по качественным кривым u(t) и i(t), представленным на рисунке 5? Объясните, как это сделать.",23,1,L26_p64,L26_p55|L22_p23|L26_p30|L38_p51|L26_p33|L11_p29|L38_p42|L14_p72|L42_p20|L06_p37,26.389299,11.679502,lexical_mismatch,0.0,0.0,0.0,0.0,0.0,0.0
617,image,question,Какие элементы соединены в схеме на рисунке 13?,8,1,L04_p19,L41_p43|L04_p61|L14_p87|L20_p37|L01_p4|L28_p55|L39_p27|L14_p90|L39_p28|L13_p28,9.804876,1.414442,lexical_mismatch,0.0,0.0,0.0,0.0,0.0,0.0
618,text,question,Какая гармоника тока используется для описания электрических колебаний в цепи?,10,1,L23_p3,L26_p32|L34_p15|L23_p44|L30_p23|L01_p47|L22_p11|L07_p1|L17_p49|L10_p19|L07_p48,10.209185,1.822212,lexical_mismatch,0.0,0.0,0.0,0.0,0.0,0.0
619,text,question,Какое количество электричества прошло через проводник за определенный промежуток времени?,10,1,L05_p54,L03_p2|L38_p7|L29_p20|L07_p2|L23_p29|L25_p37|L29_p28|L43_p49|L40_p30|L25_p85,12.013455,6.199743,lexical_mismatch,0.0,0.0,0.0,0.0,0.0,0.0
622,image,question,Какие элементы соединены между собой в этой схеме?,8,1,L33_p1,L28_p55|L14_p12|L33_p11|L41_p34|L12_p54|L01_p4|L09_p2|L42_p26|L30_p3|L39_p27,13.597765,5.136656,lexical_mismatch,0.0,0.0,0.0,0.0,0.0,0.0
623,image,question,Какие элементы соединены в этой схеме?,6,1,L04_p34,L28_p55|L01_p4|L39_p27|L39_p28|L39_p77|L13_p49|L14_p3|L10_p0|L23_p18|L11_p16,13.597765,7.422007,lexical_mismatch,0.0,0.0,0.0,0.0,0.0,0.0
624,image,question,Какие элементы соединены в этой схеме?,6,1,L07_p14,L28_p55|L01_p4|L39_p27|L39_p28|L39_p77|L13_p49|L14_p3|L10_p0|L23_p18|L11_p16,13.597765,7.422007,lexical_mismatch,0.0,0.0,0.0,0.0,0.0,0.0
625,image,question,Какие элементы соединены в этой схеме?,6,1,L07_p39,L28_p55|L01_p4|L39_p27|L39_p28|L39_p77|L13_p49|L14_p3|L10_p0|L23_p18|L11_p16,13.597765,7.422007,lexical_mismatch,0.0,0.0,0.0,0.0,0.0,0.0
628,image,question,Какие элементы соединены между собой в этой схеме?,8,1,L34_p52,L28_p55|L14_p12|L33_p11|L41_p34|L12_p54|L01_p4|L09_p2|L42_p26|L30_p3|L39_p27,13.597765,5.136656,lexical_mismatch,0.0,0.0,0.0,0.0,0.0,0.0
631,image,question,Какие элементы соединены последовательно и какие параллельно?,7,1,L04_p35,L09_p36|L33_p11|L09_p31|L39_p27|L14_p73|L39_p70|L08_p25|L01_p5|L08_p1|L30_p39,7.736477,0.852611,lexical_mismatch,0.0,0.0,0.0,0.0,0.0,0.0
632,image,question,Какие элементы соединены между собой в этой схеме?,8,1,L20_p22,L28_p55|L14_p12|L33_p11|L41_p34|L12_p54|L01_p4|L09_p2|L42_p26|L30_p3|L39_p27,13.597765,5.136656,lexical_mismatch,0.0,0.0,0.0,0.0,0.0,0.0
633,text,question,Какую информацию можно получить из текста учебника для решения задачи по электротехнике?,12,1,L02_p82,L33_p30|L38_p63|L38_p49|L07_p24|L08_p50|L24_p25|L39_p72|L27_p68|L03_p84|L36_p61,12.481628,2.086602,lexical_mismatch,0.0,0.0,0.0,0.0,0.0,0.0
635,image,question,Какие элементы соединены между собой в этой схеме?,8,1,L41_p66,L28_p55|L14_p12|L33_p11|L41_p34|L12_p54|L01_p4|L09_p2|L42_p26|L30_p3|L39_p27,13.597765,5.136656,lexical_mismatch,0.0,0.0,0.0,0.0,0.0,0.0
636,image,question,Какие элементы соединены в этой схеме?,6,1,L40_p4,L28_p55|L01_p4|L39_p27|L39_p28|L39_p77|L13_p49|L14_p3|L10_p0|L23_p18|L11_p16,13.597765,7.422007,lexical_mismatch,0.0,0.0,0.0,0.0,0.0,0.0
638,image,question,Какие элементы соединены в этой схеме?,6,1,L20_p1,L28_p55|L01_p4|L39_p27|L39_p28|L39_p77|L13_p49|L14_p3|L10_p0|L23_p18|L11_p16,13.597765,7.422007,lexical_mismatch,0.0,0.0,0.0,0.0,0.0,0.0
639,text,question,"Как рассчитать потокосцепление для катушки с 5 витками, если известно, что через каждый виток проходит поток 2 мВт?",18,1,L01_p23,L01_p19|L34_p46|L32_p23|L32_p74|L34_p58|L10_p9|L26_p55|L32_p80|L37_p85|L17_p40,12.029785,1.592953,lexical_mismatch,0.0,0.0,0.0,0.0,0.0,0.0
640,image,question,Какое устройство обозначено символом 'И' на схеме?,7,1,L01_p36,L01_p53|L01_p44|L28_p55|L12_p54|L24_p52|L15_p39|L17_p18|L09_p12|L13_p28|L01_p43,8.196327,2.462205,lexical_mismatch,0.0,0.0,0.0,0.0,0.0,0.0
641,image,question,Какие элементы соединены между собой на этой схеме?,8,1,L39_p43,L28_p55|L33_p11|L09_p2|L12_p54|L14_p12|L42_p26|L30_p3|L01_p4|L41_p34|L09_p12,12.701981,4.196895,lexical_mismatch,0.0,0.0,0.0,0.0,0.0,0.0
648,image,question,Какие элементы соединены в этой схеме?,6,1,L20_p54,L28_p55|L01_p4|L39_p27|L39_p28|L39_p77|L13_p49|L14_p3|L10_p0|L23_p18|L11_p16,13.597765,7.422007,lexical_mismatch,0.0,0.0,0.0,0.0,0.0,0.0
659,text,question,Какое устройство изучается в данном разделе учебника?,7,1,L23_p19,L22_p2|L35_p8|L21_p31|L40_p54|L04_p42|L21_p54|L01_p36|L23_p77|L41_p18|L27_p51,11.775855,8.222076,lexical_mismatch,0.0,0.0,0.0,0.0,0.0,0.0
661,text,question,Какой метод используется для приближенного решения задач в электротехнике?,9,1,L38_p12,L39_p8|L07_p27|L31_p46|L33_p54|L39_p71|L24_p30|L33_p26|L24_p25|L33_p45|L33_p15,16.454639,7.519775,lexical_mismatch,0.0,0.0,0.0,0.0,0.0,0.0
663,text,question,Какой метод используется для составления системы уравнений в электротехнике?,9,1,L05_p79,L07_p27|L29_p41|L06_p27|L31_p59|L39_p25|L31_p46|L39_p8|L29_p40|L29_p24|L31_p63,13.110483,2.119228,lexical_mismatch,0.0,0.0,0.0,0.0,0.0,0.0
664,hybrid,question,"Какое условие необходимо для достижения максимальной мощности в цепи, согласно уравнению X2 + XH = 0? И как это влияет на тип нагрузки?",21,1,L13_p39,L13_p43|L40_p21|L13_p42|L18_p14|L17_p40|L25_p33|L34_p10|L39_p53|L35_p14|L09_p39,16.979745,5.029702,lexical_mismatch,0.0,0.0,0.0,0.0,0.0,0.0
665,text,question,Каковы условия для применения правила Кирхгофа при анализе цепи?,9,1,L05_p59,L34_p15|L30_p25|L29_p32|L27_p32|L36_p15|L29_p29|L20_p7|L24_p31|L28_p48|L08_p38,11.344051,2.396414,lexical_mismatch,0.0,0.0,0.0,0.0,0.0,0.0
667,image,question,Какие элементы соединены между собой в этой схеме?,8,1,L21_p17,L28_p55|L14_p12|L33_p11|L41_p34|L12_p54|L01_p4|L09_p2|L42_p26|L30_p3|L39_p27,13.597765,5.136656,lexical_mismatch,0.0,0.0,0.0,0.0,0.0,0.0
673,image,question,"Какое значение тока I2 равно 0,5 А?",8,1,L05_p99,L01_p61|L03_p14|L03_p6|L03_p23|L23_p90|L03_p96|L24_p15|L03_p61|L15_p55|L38_p55,10.527612,1.501571,lexical_mismatch,0.0,0.0,0.0,0.0,0.0,0.0
674,text,question,"Какое значение индуктивности соответствует участку, описанному в тексте?",8,1,L38_p65,L39_p80|L04_p51|L36_p29|L38_p39|L36_p27|L24_p37|L02_p31|L38_p18|L24_p15|L27_p74,9.308264,2.332339,lexical_mismatch,0.0,0.0,0.0,0.0,0.0,0.0
675,hybrid,question,"Какова роль матрицы Якоби в системе динамических уравнений и как она связана с другими матрицами, упомянутыми в тексте?",18,1,L29_p28,L02_p23|L02_p28|L41_p59|L39_p18|L39_p22|L26_p6|L06_p76|L06_p41|L02_p44|L38_p2,11.459602,3.477202,lexical_mismatch,0.0,0.0,0.0,0.0,0.0,0.0
677,image,question,Какие элементы соединены между собой в этой схеме?,8,1,L12_p51,L28_p55|L14_p12|L33_p11|L41_p34|L12_p54|L01_p4|L09_p2|L42_p26|L30_p3|L39_p27,13.597765,5.136656,lexical_mismatch,0.0,0.0,0.0,0.0,0.0,0.0
687,image,question,Какие элементы соединены между собой в этой схеме?,8,1,L15_p33,L28_p55|L14_p12|L33_p11|L41_p34|L12_p54|L01_p4|L09_p2|L42_p26|L30_p3|L39_p27,13.597765,5.136656,lexical_mismatch,0.0,0.0,0.0,0.0,0.0,0.0
688,image,question,Какие элементы соединены в этой схеме?,6,1,L38_p40,L28_p55|L01_p4|L39_p27|L39_p28|L39_p77|L13_p49|L14_p3|L10_p0|L23_p18|L11_p16,13.597765,7.422007,lexical_mismatch,0.0,0.0,0.0,0.0,0.0,0.0
692,image,question,Какие элементы соединены между собой в этой схеме?,8,1,L17_p8,L28_p55|L14_p12|L33_p11|L41_p34|L12_p54|L01_p4|L09_p2|L42_p26|L30_p3|L39_p27,13.597765,5.136656,lexical_mismatch,0.0,0.0,0.0,0.0,0.0,0.0
694,image,question,Какие элементы соединены в этой схеме и как это влияет на работу электрической цепи?,14,1,L07_p39,L28_p55|L29_p18|L01_p4|L24_p24|L07_p49|L09_p2|L24_p6|L01_p2|L18_p14|L09_p17,13.597765,3.921861,lexical_mismatch,0.0,0.0,0.0,0.0,0.0,0.0
695,image,question,Какие элементы соединены в этой схеме и как они взаимодействуют?,10,1,L26_p57,L28_p55|L01_p4|L01_p2|L39_p27|L09_p44|L11_p1|L39_p70|L01_p5|L39_p28|L39_p77,13.597765,6.017277,lexical_mismatch,0.0,0.0,0.0,0.0,0.0,0.0
696,image,question,Какие элементы соединены в этой схеме?,6,1,L04_p35,L28_p55|L01_p4|L39_p27|L39_p28|L39_p77|L13_p49|L14_p3|L10_p0|L23_p18|L11_p16,13.597765,7.422007,lexical_mismatch,0.0,0.0,0.0,0.0,0.0,0.0
